Price,Close,High,Low,Open,Volume,Daily_Return,SMA_20,SMA_50
Ticker,TSLA,TSLA,TSLA,TSLA,TSLA,,,
Date,,,,,,,,
2024-03-04,188.13999938964844,199.75,186.72000122070312,198.72999572753906,134334900,,,
2024-03-05,180.74000549316406,184.58999633789062,177.57000732421875,183.0500030517578,119660800,-0.03933237971984138,,
2024-03-06,176.5399932861328,181.5800018310547,173.6999969482422,179.99000549316406,107920900,-0.02323786698783792,,
2024-03-07,178.64999389648438,180.0399932861328,173.6999969482422,174.35000610351562,102129000,0.011951969472048907,,
2024-03-08,175.33999633789062,182.72999572753906,174.6999969482422,181.5,85544600,-0.018527834714126334,,
2024-03-11,177.77000427246094,182.8699951171875,174.8000030517578,175.4499969482422,85391500,0.013858834181150304,,
2024-03-12,177.5399932861328,179.42999267578125,172.41000366210938,177.77000427246094,87391700,-0.0012938683737420131,,
2024-03-13,169.47999572753906,176.0500030517578,169.14999389648438,173.0500030517578,106524500,-0.04539820808488959,,
2024-03-14,162.5,171.1699981689453,160.50999450683594,167.77000427246094,126325700,-0.04118477639544138,,
2024-03-15,163.57000732421875,165.17999267578125,160.75999450683594,163.16000366210938,97146800,0.006584660456730784,,
2024-03-18,173.8000030517578,174.72000122070312,165.89999389648438,170.02000427246094,108214400,0.06254200201423088,,
2024-03-19,171.32000732421875,172.82000732421875,167.4199981689453,172.36000061035156,77271400,-0.014269250195585559,,
2024-03-20,175.66000366210938,176.25,170.82000732421875,173.0,83846700,0.025332688257929448,,
2024-03-21,172.82000732421875,178.17999267578125,171.8000030517578,176.38999938964844,73178000,-0.016167575308454918,,
2024-03-22,170.8300018310547,171.1999969482422,166.3000030517578,166.69000244140625,75580600,-0.01151490226146512,,
2024-03-25,172.6300048828125,175.24000549316406,168.72999572753906,168.75999450683594,74228600,0.010536808713131895,,
2024-03-26,177.6699981689453,184.25,177.3800048828125,178.5800018310547,113186200,0.029195349264770964,,
2024-03-27,179.8300018310547,181.91000366210938,176.0,181.41000366210938,81804000,0.012157391142962881,,
2024-03-28,175.7899932861328,179.57000732421875,175.3000030517578,177.4499969482422,77654800,-0.022465709302040393,,
2024-04-01,175.22000122070312,176.75,170.2100067138672,176.1699981689453,81562100,-0.003242460249155976,174.792000579834,
2024-04-02,166.6300048828125,167.69000244140625,163.42999267578125,164.75,116650600,-0.049024062767074494,173.71650085449218,
2024-04-03,168.3800048828125,168.82000732421875,163.27999877929688,164.02000427246094,82950100,0.01050231020055925,173.0985008239746,
2024-04-04,171.11000061035156,177.19000244140625,168.00999450683594,170.07000732421875,123162000,0.016213301154368365,172.82700119018554,
2024-04-05,164.89999389648438,170.86000061035156,160.50999450683594,169.0800018310547,143157600,-0.036292482565110196,172.13950119018554,
2024-04-08,172.97999572753906,174.5,167.7899932861328,169.33999633789062,104423300,0.04899940648952894,172.02150115966796,
2024-04-09,176.8800048828125,179.22000122070312,171.9199981689453,172.91000366210938,102951700,0.02254601255405486,171.97700119018555,
2024-04-10,171.75999450683594,174.92999267578125,170.00999450683594,173.0399932861328,84532400,-0.028946236061948905,171.6880012512207,
2024-04-11,174.60000610351562,175.8800048828125,168.50999450683594,172.5500030517578,94516000,0.01653476762638495,171.94400177001953,
2024-04-12,171.0500030517578,173.80999755859375,170.36000061035156,172.33999633789062,64722700,-0.020332204625772565,172.37150192260742,
2024-04-15,161.47999572753906,170.69000244140625,161.3800048828125,170.24000549316406,100245300,-0.05594859487563397,172.26700134277343,
2024-04-16,157.11000061035156,158.19000244140625,153.75,156.74000549316406,97000000,-0.027062145360474688,171.43250122070313,
2024-04-17,155.4499969482422,158.3300018310547,153.77999877929688,157.63999938964844,82439700,-0.010565868854054306,170.6390007019043,
2024-04-18,149.92999267578125,152.1999969482422,148.6999969482422,151.25,96098800,-0.03550983840996058,169.35250015258788,
2024-04-19,147.0500030517578,150.94000244140625,146.22000122070312,148.97000122070312,87074500,-0.0192088959161848,168.06399993896486,
2024-04-22,142.0500030517578,144.44000244140625,138.8000030517578,140.55999755859375,107097600,-0.03400203941675628,166.625,
2024-04-23,144.67999267578125,147.25999450683594,141.11000061035156,143.3300018310547,124545100,0.018514534090260826,165.22749938964844,
2024-04-24,162.1300048828125,167.97000122070312,157.50999450683594,162.83999633789062,181178000,0.12061109407252757,164.45049972534179,
2024-04-25,170.17999267578125,170.8800048828125,158.36000061035156,158.9600067138672,126427500,0.04965143743002587,163.96799926757814,
2024-04-26,168.2899932861328,172.1199951171875,166.3699951171875,168.85000610351562,109815700,-0.011105884774887609,163.59299926757814,
2024-04-29,194.0500030517578,198.8699951171875,184.5399932861328,188.4199981689453,243869700,0.1530691710339953,164.53449935913085,
2024-04-30,183.27999877929688,190.9499969482422,182.83999633789062,186.97999572753906,127031800,-0.05550118063944742,165.36699905395508,
2024-05-01,179.99000549316406,185.86000061035156,179.00999450683594,182.0,92829700,-0.017950640048260635,165.94749908447267,
2024-05-02,180.00999450683594,184.60000610351562,176.02000427246094,182.86000061035156,89148000,0.0001110562423569661,166.3924987792969,
2024-05-03,181.19000244140625,184.77999877929688,178.4199981689453,182.10000610351562,75491500,0.006555235656792835,167.20699920654297,
2024-05-06,184.75999450683594,187.55999755859375,182.1999969482422,183.8000030517578,84390300,0.019703030064167848,167.7959991455078,
2024-05-07,177.80999755859375,183.25999450683594,177.39999389648438,182.39999389648438,75045900,-0.03761635178001177,167.84249877929688,
2024-05-08,174.72000122070312,176.05999755859375,170.14999389648438,171.58999633789062,79969500,-0.017378079862311324,167.99049911499023,
2024-05-09,171.97000122070312,175.6199951171875,171.3699951171875,175.00999450683594,65950300,-0.01573946875450305,167.8589988708496,
2024-05-10,168.47000122070312,173.05999755859375,167.75,173.0500030517578,72627200,-0.02035238689978358,167.72999877929686,
2024-05-13,171.88999938964844,175.39999389648438,169.0,170.0,67018900,0.020300339194899042,168.25049896240233,171.21239990234375
2024-05-14,177.5500030517578,179.49000549316406,174.07000732421875,174.5,86407400,0.03292805679333921,169.27249908447266,171.00059997558594
2024-05-15,173.99000549316406,180.0,173.11000061035156,179.89999389648438,79663000,-0.02005067585133169,170.19949951171876,170.86559997558595
2024-05-16,174.83999633789062,175.7899932861328,171.42999267578125,174.10000610351562,59812200,0.004885285464054867,171.44499969482422,170.8316000366211
2024-05-17,177.4600067138672,179.6300048828125,172.75,173.5500030517578,77445800,0.014985188920464187,172.9654998779297,170.80780029296875
2024-05-20,174.9499969482422,177.75,173.52000427246094,177.55999755859375,61727400,-0.014144086952910362,174.6104995727539,170.8000003051758
2024-05-21,186.60000610351562,186.8800048828125,174.7100067138672,175.50999450683594,115266500,0.06659050790792542,176.7065002441406,170.97660034179688
2024-05-22,180.11000061035156,183.8000030517578,178.1199951171875,182.85000610351562,88313500,-0.03478030697150003,177.6055000305176,171.02800048828124
2024-05-23,173.74000549316406,181.89999389648438,173.25999450683594,181.8000030517578,71975500,-0.03536724832380789,177.78350067138672,171.11320068359376
2024-05-24,179.24000549316406,180.0800018310547,173.72999572753906,174.83999633789062,65584500,0.03165649721483632,178.33100128173828,171.44800079345703
2024-05-28,176.75,178.25,173.16000366210938,176.39999389648438,59736600,-0.01389201861667555,177.46600112915038,171.71160064697267
2024-05-29,176.19000244140625,178.14999389648438,173.92999267578125,174.19000244140625,54782600,-0.0031683030189180172,177.11150131225585,171.75940063476563
2024-05-30,178.7899932861328,182.6699981689453,175.3800048828125,178.5800018310547,77618400,0.014756744473008343,177.0515007019043,171.90880035400392
2024-05-31,178.0800018310547,180.32000732421875,173.82000732421875,178.5,67314600,-0.003971091681523098,176.95500106811522,171.9572003173828
2024-06-03,176.2899932861328,182.63999938964844,174.49000549316406,178.1300048828125,68568900,-0.0100517100545634,176.71000061035156,172.0266000366211
2024-06-04,174.77000427246094,177.75999450683594,174.0,174.77999877929688,60056300,-0.008622094682395387,176.21050109863282,172.10540008544922
2024-06-05,175.0,176.14999389648438,172.1300048828125,175.35000610351562,57953800,0.0013159908560766986,176.07000122070312,172.15279998779297
2024-06-06,177.94000244140625,179.72999572753906,172.72999572753906,174.60000610351562,69887000,0.01680001395089281,176.2310012817383,172.1582000732422
2024-06-07,177.47999572753906,179.35000610351562,175.5800018310547,176.1300048828125,56244900,-0.0025851787543875737,176.5065010070801,172.11119995117187
2024-06-10,173.7899932861328,178.57000732421875,173.1699981689453,176.05999755859375,50774600,-0.020791089307163446,176.77250061035156,172.07119995117188
2024-06-11,170.66000366210938,174.75,167.41000366210938,173.9199981689453,64761900,-0.018010183238054034,176.71100082397462,171.98
2024-06-12,177.2899932861328,180.5500030517578,169.8000030517578,171.1199951171875,90389400,0.03884911216309472,176.69800033569337,172.1931997680664
2024-06-13,182.47000122070312,191.0800018310547,181.22999572753906,188.38999938964844,118984100,0.029217711832219218,177.12200012207032,172.47499969482422
2024-06-14,178.00999450683594,186.0,176.9199981689453,185.8000030517578,82038200,-0.024442410719736185,177.28050003051757,172.6129995727539
2024-06-17,187.44000244140625,188.80999755859375,177.0,177.9199981689453,109786100,0.052974598199923895,177.77949981689454,173.06379974365234
2024-06-18,184.86000061035156,187.1999969482422,182.3699951171875,186.55999755859375,68982300,-0.013764414198944475,178.275,173.30139984130858
2024-06-20,181.57000732421875,185.2100067138672,179.66000366210938,184.67999267578125,55893100,-0.017797215597047833,178.02350006103515,173.39519989013672
2024-06-21,183.00999450683594,183.9499969482422,180.69000244140625,182.3000030517578,61937300,0.00793075466503601,178.1684997558594,173.62019989013672
2024-06-24,182.5800018310547,188.8000030517578,182.5500030517578,184.97000122070312,61992100,-0.0023495584322592578,178.6104995727539,173.7797998046875
2024-06-25,187.35000610351562,187.97000122070312,182.00999450683594,184.39999389648438,62905700,0.026125557150967316,179.0159996032715,174.10579986572264
2024-06-26,196.3699951171875,197.75999450683594,186.36000061035156,186.5399932861328,95737100,0.04814512260377568,179.99699935913085,174.80359985351564
2024-06-27,197.4199981689453,198.72000122070312,194.0500030517578,195.1699981689453,72746500,0.0053470646120412635,181.05849914550782,175.6097998046875
2024-06-28,197.8800048828125,203.1999969482422,195.25999450683594,199.5500030517578,95438100,0.002330091774560339,182.01299972534179,176.4583999633789
2024-07-01,209.86000061035156,213.22999572753906,200.85000610351562,201.02000427246094,135691400,0.060541719385108106,183.60199966430665,177.65700012207031
2024-07-02,231.25999450683594,231.3000030517578,218.05999755859375,218.88999938964844,205047900,0.10197271435359379,186.3504997253418,179.3411999511719
2024-07-03,246.38999938964844,248.35000610351562,234.25,234.55999755859375,166561500,0.06542422054051067,189.93149948120117,181.4279998779297
2024-07-05,251.52000427246094,252.3699951171875,242.4600067138672,249.80999755859375,154501200,0.02082067005771515,193.75749969482422,183.56480010986328
2024-07-08,252.94000244140625,259.44000244140625,244.57000732421875,247.7100067138672,157219600,0.005645666924397386,197.50749969482422,185.38100006103517
2024-07-09,262.3299865722656,265.6099853515625,250.3000030517578,251.0,160210900,0.03712336538398886,201.74999923706054,187.22399993896485
2024-07-10,263.260009765625,267.5899963378906,257.8599853515625,262.79998779296875,128519400,0.003545241645880992,206.22350006103517,189.1234002685547
2024-07-11,241.02999877929688,271.0,239.64999389648438,263.29998779296875,221707300,-0.08444127539962887,209.74199981689452,190.06300018310546
2024-07-12,248.22999572753906,251.83999633789062,233.08999633789062,235.8000030517578,155955800,0.029871787680814776,213.28899993896485,191.3620001220703
2024-07-15,252.63999938964844,265.6000061035156,251.72999572753906,255.97000122070312,146912900,0.01776579679334911,216.7974998474121,192.815
2024-07-16,256.55999755859375,258.6199951171875,245.8000030517578,255.30999755859375,126332500,0.015516142251486675,220.725,194.34600006103517
2024-07-17,248.5,258.4700012207031,246.17999267578125,252.72999572753906,115584800,-0.031415644041518975,223.7779998779297,195.69220001220702
2024-07-18,249.22999572753906,257.1400146484375,247.1999969482422,251.08999633789062,110869000,0.002937608561525362,226.99649963378906,196.9816000366211
2024-07-19,239.1999969482422,249.44000244140625,236.8300018310547,247.7899932861328,87403900,-0.040243947162209914,229.87799911499025,198.20940002441407
2024-07-22,251.50999450683594,253.2100067138672,243.75,244.2100067138672,101225400,0.05146320115237035,233.30299911499023,199.74519989013672
2024-07-23,246.3800048828125,255.75999450683594,245.6300048828125,253.60000610351562,111928200,-0.020396762498772203,236.4929992675781,201.2333999633789
2024-07-24,215.99000549316406,225.99000549316406,214.7100067138672,225.4199981689453,167942900,-0.12334604589403697,237.92499923706055,202.18380004882812
2024-07-25,220.25,226.0,216.22999572753906,216.8000030517578,100636500,0.01972310939623889,239.11899948120117,203.15100006103515
2024-07-26,219.8000030517578,222.27999877929688,215.3300018310547,221.19000244140625,94604100,-0.0020431189477511102,240.2379997253418,203.99600006103515
2024-07-29,232.10000610351562,234.27000427246094,224.6999969482422,224.89999389648438,129201800,0.055959976710561854,241.94899978637696,205.1582000732422
2024-07-30,222.6199951171875,232.41000366210938,220.0,232.25,100560300,-0.04084450985365373,242.58699951171874,206.11380004882812
2024-07-31,232.07000732421875,234.67999267578125,226.7899932861328,227.89999389648438,67497000,0.04244907202543402,242.62750015258788,207.20600006103516
2024-08-01,216.86000061035156,231.8699951171875,214.3300018310547,227.69000244140625,83861900,-0.06554059651757449,241.15100021362304,208.04420013427733
2024-08-02,207.6699981689453,216.1300048828125,205.77999877929688,214.8800048828125,82880100,-0.042377581921705376,238.95849990844727,208.46559997558595
2024-08-05,198.8800048828125,203.8800048828125,182.0,185.22000122070312,100308800,-0.04232673647438423,236.25550003051757,208.84100006103515
2024-08-06,200.63999938964844,202.89999389648438,192.6699981689453,200.75,73783900,0.008849529684359148,233.1710006713867,209.37899993896485
2024-08-07,191.75999450683594,203.49000549316406,191.47999572753906,200.77000427246094,71159800,-0.044258397676563366,229.59599990844725,209.62939971923828
2024-08-08,198.83999633789062,200.6999969482422,192.0399932861328,195.6999969482422,65033900,0.036921162045623124,227.48649978637695,210.0711996459961
2024-08-09,200.0,200.8800048828125,195.11000061035156,197.0500030517578,58648300,0.005833854775063374,225.075,210.54739959716798
2024-08-12,197.49000549316406,199.25999450683594,194.6699981689453,199.02000427246094,64044900,-0.012549972534179665,222.31750030517577,210.92139984130858
2024-08-13,207.8300018310547,208.49000549316406,197.05999755859375,198.47000122070312,76247400,0.05235706137163754,219.88100051879883,211.51639984130858
2024-08-14,201.3800048828125,208.44000244140625,198.75,207.38999938964844,70250000,-0.0310349655555765,217.52500076293944,212.01820007324218
2024-08-15,214.13999938964844,215.8800048828125,204.82000732421875,205.02000427246094,89848500,0.06336276788880446,215.77050094604493,212.80559997558595
2024-08-16,216.1199951171875,219.8000030517578,210.8000030517578,211.14999389648438,88765100,0.009246267550119258,214.6165008544922,213.62799987792968
2024-08-19,222.72000122070312,222.97999572753906,214.08999633789062,217.07000732421875,76435200,0.030538618603692225,213.17700119018554,214.52359985351563
2024-08-20,221.10000610351562,228.22000122070312,219.55999755859375,224.8800048828125,74001200,-0.007273684933137958,211.9130012512207,215.39600006103515
2024-08-21,223.27000427246094,224.66000366210938,218.86000061035156,222.6699981689453,70146000,0.009814554993405888,212.27700119018556,216.3856002807617
2024-08-22,210.66000366210938,224.8000030517578,210.32000732421875,223.82000732421875,79514500,-0.056478704568676985,211.79750137329103,217.18560028076172
2024-08-23,220.32000732421875,221.47999572753906,214.2100067138672,214.4600067138672,81525200,0.04585589810206048,211.82350158691406,218.04620056152345
2024-08-26,213.2100067138672,219.08999633789062,211.00999450683594,218.75,59301200,-0.0322712435275504,210.87900161743164,218.66100067138672
2024-08-27,209.2100067138672,215.66000366210938,206.94000244140625,213.25,62821400,-0.018760845523390857,210.20850219726563,219.28500091552735
2024-08-28,205.75,211.83999633789062,202.58999633789062,209.72000122070312,64116400,-0.01653843794670573,208.8925018310547,219.6512008666992
2024-08-29,206.27999877929688,214.88999938964844,205.97000122070312,209.8000030517578,62308800,0.002575935743848623,208.36350173950194,220.07960083007814
2024-08-30,214.11000061035156,214.57000732421875,207.02999877929688,208.6300048828125,63370600,0.03795812428442069,208.68550186157228,220.73040069580077
2024-09-03,210.60000610351562,219.89999389648438,209.63999938964844,215.25999450683594,76714200,-0.016393416920415627,209.27150192260743,221.28220092773438
2024-09-04,219.41000366210938,222.22000122070312,210.57000732421875,210.58999633789062,80651800,0.04183284569452206,210.21000213623046,222.01880096435548
2024-09-05,230.1699981689453,235.0,222.25,223.49000549316406,119355000,0.04904058305110959,212.13050231933593,222.87520080566406
2024-09-06,210.72999572753906,233.60000610351562,210.50999450683594,232.60000610351562,112177000,-0.0844593239607937,212.72500228881836,223.1624008178711
2024-09-09,216.27000427246094,219.8699951171875,213.6699981689453,216.1999969482422,67443500,0.026289605928169646,213.53850250244142,223.5394009399414
2024-09-10,226.1699981689453,226.39999389648438,218.63999938964844,220.07000732421875,78891100,0.04577608406578748,214.97250213623047,224.10520080566405
2024-09-11,228.1300048828125,228.47000122070312,216.8000030517578,224.5500030517578,83548600,0.008666077418469476,215.98750228881835,224.4706008911133
2024-09-12,229.80999755859375,231.4499969482422,223.8300018310547,224.66000366210938,71894900,0.007364189890953776,217.40900192260742,224.44160095214843
2024-09-13,230.2899932861328,232.6699981689453,226.32000732421875,228.0,59515100,0.0020886633855721204,218.21650161743165,224.11960083007813
2024-09-16,226.77999877929688,229.9600067138672,223.52999877929688,229.3000030517578,54323000,-0.015241628421408637,218.7495018005371,223.62480072021484
2024-09-17,227.8699951171875,234.57000732421875,226.5500030517578,229.4499969482422,66761600,0.004806404196833203,219.00700149536132,223.12340057373046
2024-09-18,227.1999969482422,235.67999267578125,226.8800048828125,230.08999633789062,78010200,-0.0029402649901351108,219.31200103759767,222.42080078125
2024-09-19,243.9199981689453,244.24000549316406,232.1300048828125,234.0,102694600,0.07359155565707187,220.34450073242186,222.0340005493164
2024-09-20,238.25,243.99000549316406,235.9199981689453,241.52000427246094,99879100,-0.02324531900421767,221.7240005493164,221.97840057373048
2024-09-23,250.0,250.0,241.9199981689453,242.61000061035156,86927200,0.04931794333683115,223.20800018310547,222.01380065917968
2024-09-24,254.27000427246094,257.19000244140625,249.0500030517578,254.0800018310547,88491000,0.017080017089843746,225.26100006103516,222.04640075683594
2024-09-25,257.0199890136719,257.04998779296875,252.27999877929688,252.5399932861328,65034300,0.010815214909361437,227.6514991760254,222.0556005859375
2024-09-26,254.22000122070312,261.75,251.52999877929688,260.6000061035156,67142200,-0.01089404681602335,230.07499923706055,222.17000061035156
2024-09-27,260.4599914550781,260.70001220703125,254.1199951171875,257.3800048828125,70988100,0.024545630573566513,232.78399887084962,222.39460052490233
2024-09-30,261.6300048828125,264.8599853515625,255.77000427246094,259.0400085449219,80705700,0.004492104223754234,235.15999908447264,222.84320068359375
2024-10-01,258.0199890136719,263.9800109863281,248.52999877929688,262.6700134277344,87397600,-0.013798172234708361,237.53099822998047,222.97340057373046
2024-10-02,249.02000427246094,251.16000366210938,241.5,247.5500030517578,93983900,-0.03488095932262847,239.01149826049806,223.02620056152344
2024-10-03,240.66000366210938,249.7899932861328,237.80999755859375,244.47999572753906,80729200,-0.03357160254966751,239.53599853515624,223.51960052490233
2024-10-04,250.0800018310547,250.9600067138672,244.5800018310547,246.69000244140625,86573200,0.03914235030998814,241.50349884033204,224.11620056152344
2024-10-07,240.8300018310547,249.8300018310547,240.6999969482422,249.0,68113300,-0.03698816351676526,242.73149871826172,224.53680053710937
2024-10-08,244.5,246.2100067138672,240.55999755859375,243.55999755859375,56303200,0.015238957526229946,243.64799880981445,224.78480041503906
2024-10-09,241.0500030517578,247.42999267578125,239.50999450683594,243.82000732421875,66289500,-0.014110416966225725,244.29399871826172,225.15340057373047
2024-10-10,238.77000427246094,242.7899932861328,232.33999633789062,241.80999755859375,83087100,-0.009458613360014412,244.74199905395508,225.2874005126953
2024-10-11,217.8000030517578,223.33999633789062,214.3800048828125,220.1300048828125,142628900,-0.08782510719719305,244.11749954223632,225.30620056152344
2024-10-14,219.16000366210938,221.91000366210938,213.74000549316406,220.1300048828125,86291900,0.00624426350457119,243.73649978637695,225.53600067138672
2024-10-15,219.57000732421875,224.25999450683594,217.1199951171875,220.00999450683594,62988800,0.0018707960177875016,243.3215003967285,225.94980072021485
2024-10-16,221.3300018310547,222.82000732421875,218.92999267578125,221.39999389648438,49632800,0.008015641700267029,243.02800064086915,226.36360076904296
2024-10-17,220.88999938964844,222.0800018310547,217.89999389648438,221.58999633789062,50791800,-0.001987992760882462,241.8765007019043,226.94620086669923
2024-10-18,220.6999969482422,222.27999877929688,219.22999572753906,220.7100067138672,49611900,-0.0008601676940163117,240.9990005493164,227.38340087890626
2024-10-21,218.85000610351562,220.47999572753906,215.72999572753906,218.89999389648438,47329000,-0.008382378207102636,239.44150085449218,227.76040100097657
2024-10-22,217.97000122070312,218.22000122070312,215.25999450683594,217.30999755859375,43268700,-0.004021041161846095,237.6265007019043,228.17000091552734
2024-10-23,213.64999389648438,218.72000122070312,212.11000061035156,217.1300048828125,80938900,-0.019819274670942355,235.45800094604493,228.28640075683595
2024-10-24,260.4800109863281,262.1199951171875,242.64999389648438,244.67999267578125,204491900,0.21919035070290427,235.77100143432617,229.46840087890624
2024-10-25,269.19000244140625,269.489990234375,255.32000732421875,256.010009765625,161611900,0.03343823359841336,236.20750198364257,230.5694009399414
2024-10-28,262.510009765625,273.5400085449219,262.239990234375,270.0,107653600,-0.024815158866218545,236.2515022277832,231.49720123291016
2024-10-29,259.5199890136719,264.9800109863281,255.50999450683594,264.510009765625,80521800,-0.01139012091242797,236.3265022277832,232.23320098876954
2024-10-30,257.54998779296875,263.3500061035156,255.82000732421875,258.0400085449219,53993600,-0.007590942139718337,236.75300140380858,232.96220062255858
2024-10-31,249.85000610351562,259.75,249.25,257.989990234375,66575300,-0.029897037679701755,237.2125015258789,233.4938006591797
2024-11-01,248.97999572753906,254.0,246.6300048828125,252.0399932861328,57544800,-0.003482130697311625,237.15750122070312,234.26020050048828
2024-11-04,242.83999633789062,248.89999389648438,238.8800048828125,244.55999755859375,68802400,-0.024660613282231236,237.25800094604492,234.71060028076172
2024-11-05,251.44000244140625,255.27999877929688,246.2100067138672,247.33999633789062,69282500,0.03541429020427711,237.60500106811523,235.4752001953125
2024-11-06,288.5299987792969,289.5899963378906,275.6199951171875,284.6700134277344,165228700,0.14751032444224466,239.9790008544922,237.0616000366211
2024-11-07,296.9100036621094,299.75,285.5199890136719,288.8900146484375,117309200,0.02904379065700735,242.8860008239746,238.88480010986328
2024-11-08,321.2200012207031,328.7099914550781,297.6600036621094,299.1400146484375,204782800,0.08187665372925301,248.05700073242187,241.1836001586914
2024-11-11,350.0,358.6400146484375,336.0,346.29998779296875,210521600,0.08959591143118995,254.5990005493164,243.90140014648438
2024-11-12,328.489990234375,345.8399963378906,323.30999755859375,342.739990234375,155726000,-0.06145717075892854,260.04499969482424,246.25919982910156
2024-11-13,330.239990234375,344.6000061035156,322.5,335.8500061035156,125405600,0.005327407385385952,265.49049911499026,248.47579956054688
2024-11-14,311.17999267578125,329.9800109863281,310.3699951171875,327.69000244140625,120726100,-0.05771559508909463,270.0049987792969,250.0959994506836
2024-11-15,320.7200012207031,324.67999267578125,309.2200012207031,310.57000732421875,114440300,0.030657525449785616,275.0059989929199,252.29579956054687
2024-11-18,338.739990234375,348.54998779296875,330.010009765625,340.7300109863281,126085600,0.056186046847983784,281.00049819946287,254.74519927978517
2024-11-19,346.0,347.3800048828125,332.75,335.760009765625,88852500,0.021432396454288627,287.40199813842776,257.14179931640626
2024-11-20,342.0299987792969,346.6000061035156,334.29998779296875,345.0,66340700,-0.011473991967350106,293.82099838256835,259.41979919433595
2024-11-21,339.6400146484375,347.989990234375,335.2799987792969,343.80999755859375,58011700,-0.006987644766217049,297.7789985656738,261.6163995361328
2024-11-22,352.55999755859375,361.5299987792969,337.70001220703125,341.0899963378906,89140700,0.038040225983177356,301.9474983215332,264.06179962158205
2024-11-25,338.5899963378906,361.92999267578125,338.20001220703125,360.1400146484375,95890900,-0.039624464821427674,305.75149765014646,266.2979995727539
2024-11-26,338.2300109863281,346.9599914550781,335.6600036621094,341.0,62295900,-0.001063189566898104,309.6869987487793,268.50519989013674
2024-11-27,332.8900146484375,342.54998779296875,326.5899963378906,341.79998779296875,57896400,-0.015788061864523528,313.45400009155276,270.61900024414064
2024-11-29,345.1600036621094,345.45001220703125,334.6499938964844,336.0799865722656,37167600,0.03685898787510977,318.2194999694824,272.64380035400393
2024-12-02,357.0899963378906,360.0,351.1499938964844,352.3800048828125,77986500,0.034563659025395044,323.625,275.0206002807617
2024-12-03,351.4200134277344,355.69000244140625,348.20001220703125,351.79998779296875,58267200,-0.01587830229999254,329.0540008544922,277.0490005493164
2024-12-04,357.92999267578125,358.1000061035156,348.6000061035156,353.0,50810900,0.018524782309774723,334.3785003662109,279.1222003173828
2024-12-05,369.489990234375,375.42999267578125,359.5,359.8699951171875,81403600,0.03229681165351517,338.42649993896487,281.37160034179686
2024-12-06,389.2200012207031,389.489990234375,370.79998779296875,377.4200134277344,81455800,0.053397958017247005,343.04199981689453,284.07160034179685
2024-12-09,389.7900085449219,404.79998779296875,378.010009765625,397.6099853515625,96359200,0.0014644862094215227,346.47050018310546,286.65820068359375
2024-12-10,400.989990234375,409.7300109863281,390.8500061035156,392.67999267578125,97563600,0.02873337295448497,349.0199996948242,289.445400390625
2024-12-11,424.7699890136719,424.8800048828125,402.3800048828125,409.70001220703125,104287600,0.05930322291934931,353.83399963378906,292.780400390625
2024-12-12,418.1000061035156,429.29998779296875,415.0,424.8399963378906,87752200,-0.015702575706076027,358.2270004272461,296.1620004272461
2024-12-13,436.2300109863281,436.29998779296875,415.7099914550781,420.0,89000200,0.04336284290396253,364.47950134277346,300.07340057373045
2024-12-16,463.0199890136719,463.19000244140625,436.1499938964844,441.0899963378906,114083800,0.06141250567967771,371.59450073242186,304.3322003173828
2024-12-17,479.8599853515625,483.989990234375,457.510009765625,475.8999938964844,131223000,0.036369912179738284,378.65050048828124,309.112799987793
2024-12-18,440.1300048828125,488.5400085449219,427.010009765625,466.5,149340800,-0.0827949436951747,383.35700073242185,313.02540008544923
2024-12-19,436.1700134277344,456.3599853515625,420.0199890136719,451.8800048828125,118566100,-0.008997322180141931,388.0640014648437,316.92780029296875
2024-12-20,421.05999755859375,447.0799865722656,417.6400146484375,425.510009765625,132216200,-0.034642491239586515,392.13500061035154,320.5736001586914
2024-12-23,430.6000061035156,434.510009765625,415.4100036621094,431.0,72698100,0.022657123925894362,396.03700103759763,324.82960021972656
2024-12-24,462.2799987792969,462.7799987792969,435.1400146484375,435.8999938964844,59551800,0.07357174228224572,402.221501159668,329.69200012207034
2024-12-26,454.1300048828125,465.3299865722656,451.0199890136719,465.1600036621094,76366400,-0.017629994630971146,408.01650085449216,334.38320007324216
2024-12-27,431.6600036621094,450.0,426.5,449.5199890136719,82666800,-0.04947922616674816,412.95500030517576,338.5898001098633
2024-12-30,417.4100036621094,427.0,415.75,419.3999938964844,64941000,-0.03301209257078741,416.56750030517577,342.5202001953125
2024-12-31,403.8399963378906,427.92999267578125,402.5400085449219,423.7900085449219,76825100,-0.03251001941775111,418.9050003051758,346.1830001831055
2025-01-02,379.2799987792969,392.7300109863281,373.0400085449219,390.1000061035156,109710700,-0.06081615932376483,420.2979995727539,349.39160003662107
2025-01-03,410.44000244140625,411.8800048828125,379.45001220703125,381.4800109863281,95423300,0.08215567328200035,422.92350006103516,353.24100006103515
2025-01-06,411.04998779296875,426.42999267578125,401.70001220703125,423.20001220703125,85516500,0.0014861742226248698,425.00149993896486,357.18899993896486
2025-01-07,394.3599853515625,414.3299865722656,390.0,405.8299865722656,75699500,-0.040603340073111505,425.2584991455078,359.86659942626954
2025-01-08,394.94000244140625,402.5,387.3999938964844,392.95001220703125,73038800,0.0014707807875757872,425.51599884033203,362.38159942626953
2025-01-10,394.739990234375,399.2799987792969,377.2900085449219,391.3999938964844,62287300,-0.0005064369418008585,425.20349884033203,365.02619903564454
2025-01-13,403.30999755859375,403.7900085449219,380.07000732421875,383.2099914550781,67580500,0.021710512074366584,424.1304992675781,367.901999206543
2025-01-14,396.3599853515625,422.6400146484375,394.5400085449219,414.3399963378906,84565000,-0.017232432245921525,423.04349822998046,370.67819915771486
2025-01-15,428.2200012207031,429.79998779296875,405.6600036621094,409.8999938964844,81375500,0.08038151439752794,422.6429977416992,374.24559906005857
2025-01-16,413.82000732421875,424.0,409.1300048828125,423.489990234375,68335200,-0.03362756026209679,420.18299865722656,377.5423992919922
2025-01-17,426.5,439.739990234375,419.75,421.5,94991400,0.030641323404759335,417.51499938964844,381.21559936523437
2025-01-21,424.07000732421875,433.20001220703125,406.30999755859375,432.6400146484375,87320900,-0.00569752092797482,416.7119995117188,384.66819946289064
2025-01-22,415.1099853515625,428.0,414.5899963378906,416.80999755859375,60963300,-0.021128638710367298,415.6589981079102,387.1997991943359
2025-01-23,412.3800048828125,420.7300109863281,408.95001220703125,416.05999755859375,50690600,-0.006576523247056931,415.2249984741211,389.50919921875
2025-01-24,406.5799865722656,418.8800048828125,405.7799987792969,414.45001220703125,56427100,-0.014064741844588391,414.0239974975586,391.2163989257813
2025-01-27,397.1499938964844,406.69000244140625,389.0,394.79998779296875,58125500,-0.023193450212053546,410.76749725341796,392.1593988037109
2025-01-28,398.0899963378906,400.5899963378906,386.5,396.9100036621094,48910700,0.0023668700890153715,407.9654968261719,393.55139892578126
2025-01-29,389.1000061035156,398.5899963378906,384.4800109863281,395.2099914550781,68033600,-0.02258280870425211,405.8374969482422,394.72859924316407
2025-01-30,400.2799987792969,412.5,384.4100036621094,410.7799987792969,98092900,0.028732954254456988,404.9809967041016,396.5105993652344
2025-01-31,404.6000061035156,419.989990234375,401.3399963378906,401.5299987792969,83283600,0.010792463618949588,405.0189971923828,398.1881994628906
2025-02-03,383.67999267578125,389.1700134277344,374.3599853515625,386.67999267578125,93732100,-0.05170542044525339,405.238996887207,399.0869995117188
2025-02-04,392.2099914550781,394.0,381.3999938964844,382.6300048828125,57072200,0.022232065633156273,404.32749633789064,400.0111993408203
2025-02-05,378.1700134277344,388.3900146484375,375.5299987792969,387.510009765625,57223300,-0.035797094243459227,402.6834976196289,400.73399963378904
2025-02-06,374.32000732421875,375.3999938964844,363.17999267578125,373.0299987792969,77918200,-0.010180622383618276,401.6814987182617,401.4275994873047
2025-02-07,361.6199951171875,380.54998779296875,360.3399963378906,370.19000244140625,70298300,-0.0339282217314959,400.01549835205077,401.6087994384766
2025-02-10,350.7300109863281,362.70001220703125,350.510009765625,356.2099914550781,77514900,-0.030114441341470455,397.81499938964845,401.85159973144533
2025-02-11,328.5,349.3699951171875,325.1000061035156,345.79998779296875,118543400,-0.06338211812502892,394.0744995117187,401.65699951171877
2025-02-12,336.510009765625,346.3999938964844,329.1199951171875,329.94000244140625,105382700,0.0243835913717656,391.0820007324219,401.7293994140625
2025-02-13,355.94000244140625,358.69000244140625,342.8500061035156,345.0,89441500,0.05773971683431944,387.468000793457,401.94499938964844
2025-02-14,355.8399963378906,362.0,347.5,360.6199951171875,68277300,-0.0002809633725618932,384.5690002441406,401.9199993896484
2025-02-18,354.1099853515625,359.1000061035156,350.0199890136719,355.010009765625,51631700,-0.004861766535893763,380.9494995117187,401.973798828125
2025-02-19,360.55999755859375,367.3399963378906,353.6700134277344,354.0,67094400,0.018214714280444966,377.7739990234375,402.0263989257812
2025-02-20,354.3999938964844,362.29998779296875,348.0,361.510009765625,45965400,-0.01708454543992588,374.7384994506836,401.72459899902344
2025-02-21,337.79998779296875,354.9800109863281,334.4200134277344,353.44000244140625,74058600,-0.046839747148427646,371.0094985961914,400.6961987304687
2025-02-24,330.5299987792969,342.3999938964844,324.70001220703125,338.1400146484375,76052300,-0.021521578674915554,367.20699920654295,399.51099853515626
2025-02-25,302.79998779296875,328.8900146484375,297.25,327.0199890136719,134228800,-0.0838955952220366,362.4894989013672,397.5471984863281
2025-02-26,290.79998779296875,309.0,288.0400085449219,303.7099914550781,100118300,-0.039630120487999076,357.12499847412107,394.86779846191405
2025-02-27,281.95001220703125,297.2300109863281,280.8800048828125,291.1600036621094,101748200,-0.030433204805490277,351.7674987792969,392.14479858398437
2025-02-28,292.9800109863281,293.8800048828125,273.6000061035156,279.5,115697000,0.03912040539724382,346.4024993896484,389.27979858398436
2025-03-03,284.6499938964844,303.94000244140625,277.29998779296875,300.3399963378906,115551400,-0.02843203214376444,340.4049987792969,385.71239868164065
2025-03-04,272.0400085449219,284.3500061035156,261.8399963378906,270.92999267578125,126706600,-0.04429996705409467,334.82299957275393,381.5559991455078
2025-03-05,279.1000061035156,279.54998779296875,267.7099914550781,272.9200134277344,94042900,0.025952056083059283,329.1675003051758,378.33539916992186
2025-03-06,263.45001220703125,272.6499938964844,260.0199890136719,272.05999755859375,98451600,-0.056073068986891905,323.43150024414064,374.8809991455078
2025-03-07,262.6700134277344,266.25,250.72999572753906,259.32000732421875,102369600,-0.0029607088371812473,317.84900054931643,371.7131994628906
2025-03-10,222.14999389648438,253.3699951171875,220.0,252.5399932861328,189076900,-0.1542620682219512,310.87550048828126,367.54419921875
2025-03-11,230.5800018310547,237.05999755859375,217.02000427246094,225.30999755859375,174896400,0.037947369642955975,304.8680000305176,362.91019927978516
2025-03-12,248.08999633789062,251.83999633789062,241.10000610351562,247.22000122070312,142215700,0.0759389121683911,300.8474998474121,358.7893991088867
2025-03-13,240.67999267578125,248.2899932861328,232.60000610351562,248.1300048828125,114813500,-0.02986820819658198,296.0559989929199,354.96979888916013
2025-03-14,249.97999572753906,251.5800018310547,240.72999572753906,247.30999755859375,100242300,0.038640532386444715,290.75799865722655,351.62119873046873
2025-03-17,238.00999450683594,245.39999389648438,232.8000030517578,245.05999755859375,111900600,-0.04788383640805238,284.86649856567385,348.30459869384765
2025-03-18,225.30999755859375,230.10000610351562,222.27999877929688,228.16000366210938,111477600,-0.05335909096824687,278.4264991760254,345.2251986694336
2025-03-19,235.86000061035156,241.41000366210938,229.1999969482422,231.61000061035156,111993800,0.046824389357219776,272.1914993286133,341.7335986328125
2025-03-20,236.25999450683594,238.0,230.0500030517578,233.35000610351562,99028300,0.0016958954271570903,266.28449935913085,338.2377987670898
2025-03-21,248.7100067138672,249.52000427246094,234.5500030517578,234.99000549316406,132728700,0.05269623506518384,261.83000030517576,335.3247991943359
2025-03-24,278.3900146484375,278.6400146484375,256.3299865722656,258.0799865722656,169079900,0.11933580126800525,259.22300109863284,332.9937994384766
2025-03-25,288.1400146484375,288.20001220703125,271.2799987792969,283.6000061035156,150361500,0.03502280788451673,258.49000244140626,330.86179992675784
2025-03-26,272.05999755859375,284.8999938964844,266.510009765625,282.6600036621094,153629800,-0.05580626179068926,257.5530029296875,328.23679992675784
2025-03-27,273.1300048828125,291.8500061035156,271.82000732421875,272.4800109863281,162572100,0.0039329829222258805,257.11200256347655,325.77220031738284
2025-03-28,263.54998779296875,276.1000061035156,260.57000732421875,275.5799865722656,123809400,-0.03507493471452938,255.6405014038086,322.47880004882813
2025-03-31,259.1600036621094,260.55999755859375,243.36000061035156,249.30999755859375,134008900,-0.016657121359109794,254.36600189208986,319.38559997558593
2025-04-01,268.4599914550781,277.45001220703125,259.25,263.79998779296875,146486900,0.035885119854736525,254.18700103759767,316.2247998046875
2025-04-02,282.760009765625,284.989990234375,251.27000427246094,254.60000610351562,212787800,0.05326685079977622,254.37000122070313,313.39859985351563
2025-04-03,267.2799987792969,276.29998779296875,261.510009765625,265.2900085449219,136174300,-0.05474611137253549,254.5615005493164,310.44200012207034
2025-04-04,239.42999267578125,261.0,236.0,255.3800048828125,181229400,-0.10419786826814681,253.39949951171874,306.9829998779297
2025-04-07,233.2899932861328,252.0,214.25,223.77999877929688,183453800,-0.025644236634809525,253.95649948120118,303.517200012207
2025-04-08,221.86000061035156,250.44000244140625,217.8000030517578,245.0,171603500,-0.048994783337158565,253.520499420166,300.0114001464844
2025-04-09,272.20001220703125,274.69000244140625,223.8800048828125,224.69000244140625,219433400,0.22689989839624536,254.72600021362305,297.4936004638672
2025-04-10,252.39999389648438,262.489990234375,239.3300018310547,260.0,181722600,-0.07274069589492627,255.3120002746582,294.75960021972656
2025-04-11,252.30999755859375,257.739990234375,241.36000061035156,251.83999633789062,128948100,-0.00035656236159631316,255.42850036621093,291.8002001953125
2025-04-14,252.35000610351562,261.79998779296875,245.92999267578125,258.3599853515625,100135200,0.00015856900364230597,256.14550094604493,288.7552001953125
2025-04-15,254.11000061035156,258.75,247.5399932861328,249.91000366210938,79594300,0.0069744183248166,257.5855010986328,286.1638003540039
2025-04-16,241.5500030517578,251.97000122070312,233.88999938964844,247.61000061035156,112378700,-0.049427403598542585,257.8700012207031,283.1506005859375
2025-04-17,241.3699951171875,244.33999633789062,237.67999267578125,243.47000122070312,83404800,-0.0007452201709629014,258.1255012512207,280.41460021972654
2025-04-21,227.5,232.2100067138672,222.7899932861328,230.25999450683594,97768000,-0.05746362595919796,257.0650009155273,277.4782000732422
2025-04-22,237.97000122070312,242.7899932861328,229.85000610351562,230.9600067138672,120858500,0.04602198338770602,255.04400024414062,275.0052001953125
2025-04-23,250.74000549316406,259.45001220703125,244.42999267578125,254.86000061035156,150381900,0.0536622440095611,253.17399978637695,273.0054000854492
2025-04-24,259.510009765625,259.5400085449219,249.1999969482422,250.5,94464200,0.0349764859229853,252.5465003967285,271.6256002807617
2025-04-25,284.95001220703125,286.8500061035156,259.6300048828125,261.69000244140625,167560700,0.09803091011549903,253.13750076293945,270.59440032958986
2025-04-28,285.8800048828125,294.8599853515625,272.4200134277344,288.9800109863281,151731800,0.0032637046356942534,254.25400161743164,269.19320037841794
2025-04-29,292.0299987792969,293.32000732421875,279.4700012207031,285.5,108906600,0.021512501019458785,255.89750137329102,267.9170004272461
2025-04-30,282.1600036621094,284.45001220703125,270.7799987792969,279.8999938964844,128961100,-0.03379788089732105,256.5825019836426,266.47800079345706
2025-05-01,280.5199890136719,290.8699951171875,279.80999755859375,280.010009765625,99659000,-0.005812356915055328,256.4705009460449,264.8772006225586
2025-05-02,287.2099914550781,294.7799987792969,279.80999755859375,284.8999938964844,114454700,0.023848576584252656,257.467000579834,263.5334005737305
2025-05-05,280.260009765625,284.8500061035156,274.3999938964844,284.57000732421875,94618900,-0.024198258752220814,259.50850143432615,262.3826010131836
2025-05-06,275.3500061035156,277.7300109863281,271.3500061035156,273.1099853515625,76715800,-0.017519458684867262,261.6115020751953,261.279001159668
2025-05-07,276.2200012207031,277.9200134277344,271.0,276.8800048828125,71592600,0.003159597232260225,264.3295021057129,260.74740142822264
2025-05-08,284.82000732421875,289.79998779296875,279.4100036621094,279.6300048828125,97539400,0.031134624811778533,264.96050186157225,260.6278018188477
2025-05-09,298.260009765625,307.0400085449219,290.0,290.2099914550781,132387800,0.04718770485146129,267.2535026550293,260.95400177001954
2025-05-12,318.3800048828125,322.2099914550781,311.5,321.989990234375,112826700,0.06745790403815088,270.55700302124023,261.4620016479492
2025-05-13,334.07000732421875,337.5899963378906,316.79998779296875,320.0,136992600,0.049280740626853614,274.6430030822754,262.4504019165039
2025-05-14,347.67999267578125,350.0,337.0,342.5,136997300,0.04073991993646375,279.3215026855469,263.9632015991211
2025-05-15,342.82000732421875,346.1400146484375,334.7200012207031,340.3399963378906,97882600,-0.013978329078298546,284.38500289916993,265.23760162353517
2025-05-16,349.9800109863281,351.6199951171875,342.3299865722656,346.239990234375,95895700,0.0208856061756566,289.815503692627,266.9682015991211
2025-05-19,342.0899963378906,343.0,333.3699951171875,336.29998779296875,88869900,-0.022544186527114873,295.5450035095215,268.55660125732425
2025-05-20,343.82000732421875,354.989990234375,341.6300048828125,347.8699951171875,131715500,0.005057180873010214,300.83750381469724,270.9900015258789
2025-05-21,334.6199951171875,347.3500061035156,332.20001220703125,344.42999267578125,102354800,-0.026758222357769146,305.03150329589846,273.07080139160155
2025-05-22,341.0400085449219,347.2699890136719,331.3900146484375,331.8999938964844,97113400,0.019185982671137136,309.1080032348633,274.9298016357422
2025-05-23,339.3399963378906,343.17999267578125,333.2099914550781,337.9200134277344,84654800,-0.004984788190348977,311.82750244140624,276.9030017089844
2025-05-27,362.8900146484375,363.7900085449219,347.32000732421875,347.3500061035156,120146400,0.06939947711644767,315.6780029296875,279.16120208740233
2025-05-28,356.8999938964844,365.0,355.9100036621094,364.8399963378906,91404300,-0.016506435862546853,318.9215026855469,281.5390020751953
2025-05-29,358.42999267578125,367.7099914550781,356.0,365.2900085449219,88087800,0.004286911755287504,322.7350021362305,284.20140197753904
2025-05-30,346.4599914550781,363.67999267578125,345.2900085449219,355.5199890136719,123474900,-0.03339564619395741,326.0320022583008,286.4134017944336
2025-06-02,342.69000244140625,348.0199890136719,333.3299865722656,343.5,81873800,-0.01088145559849063,328.8060028076172,288.542001953125
2025-06-03,344.2699890136719,355.3999938964844,343.0400085449219,346.6000061035156,99324500,0.004610541775392996,332.00650177001955,290.4532015991211
2025-06-04,332.04998779296875,345.6000061035156,327.3299865722656,345.1000061035156,98912100,-0.03549540073392177,334.8415008544922,291.5264010620117
2025-06-05,284.70001220703125,324.54998779296875,273.2099914550781,322.489990234375,287499800,-0.14259893789082123,335.26550140380857,291.4576010131836
2025-06-06,295.1400146484375,305.5,291.1400146484375,298.8299865722656,164747700,0.036670186138995975,335.78150177001953,291.9192013549805
2025-06-09,308.5799865722656,309.8299865722656,281.8500061035156,285.9599914550781,140908900,0.04553761352840424,336.29750061035156,292.62820098876955
2025-06-10,326.0899963378906,327.8299865722656,310.6700134277344,314.94000244140625,151256500,0.05674382827003055,336.6830001831055,293.87900115966795
2025-06-11,326.42999267578125,335.5,322.5,334.3999938964844,122611400,0.0010426457165473302,336.3009994506836,295.2244009399414
2025-06-12,319.1099853515625,332.55999755859375,316.8599853515625,323.0799865722656,105127500,-0.022424432461661592,334.8724990844727,296.2374008178711
2025-06-13,325.30999755859375,332.989990234375,313.29998779296875,313.9700012207031,128964300,0.019429076154419578,333.9969985961914,297.0884005737305
2025-06-16,329.1300048828125,332.04998779296875,326.4100036621094,331.2900085449219,83925900,0.011742668079331553,332.9544982910156,298.3254006958008
2025-06-17,316.3500061035156,327.260009765625,314.739990234375,326.0899963378906,88282700,-0.03882963749794621,331.66749877929686,299.86380096435545
2025-06-18,322.04998779296875,329.32000732421875,315.45001220703125,317.30999755859375,95137700,0.0180179597897272,330.57899780273436,301.63900085449217
2025-06-20,322.1600036621094,332.3599853515625,317.7799987792969,327.95001220703125,108688000,0.0003416111576173275,329.9559982299805,303.64500091552736
2025-06-23,348.67999267578125,357.5400085449219,327.4800109863281,327.5400085449219,190716800,0.0823193093872907,330.33799743652344,305.17460052490236
2025-06-24,340.4700012207031,356.260009765625,340.44000244140625,356.1700134277344,114736200,-0.023545920693855638,330.3944976806641,306.9360006713867
2025-06-25,327.54998779296875,343.0,320.3999938964844,342.70001220703125,119845100,-0.037947582404945,328.62749633789065,308.44080047607423
2025-06-26,325.7799987792969,331.04998779296875,323.6099853515625,324.6099853515625,80440900,-0.0054037218123500486,327.0714965820313,309.90940032958986
2025-06-27,323.6300048828125,329.3399963378906,317.5,324.510009765625,89067000,-0.006599526995335614,325.3314971923828,311.29980041503904
2025-06-30,317.6600036621094,325.5799865722656,316.6000061035156,319.8999938964844,76695100,-0.018446995428822777,323.89149780273436,312.8220004272461
2025-07-01,300.7099914550781,305.8900146484375,293.2099914550781,298.4599914550781,145085700,-0.05335897504131726,321.792497253418,314.0088003540039
2025-07-02,315.6499938964844,316.8299865722656,303.82000732421875,312.6300048828125,119483700,0.04968242780731846,320.3614974975586,315.7718002319336
2025-07-03,315.3500061035156,318.45001220703125,312.760009765625,317.989990234375,58042300,-0.0009503811144286889,319.52649841308596,317.3194003295898
2025-07-07,293.94000244140625,296.1499938964844,288.7699890136719,291.3699951171875,131177900,-0.06789282780315342,319.9884979248047,318.1834002685547
2025-07-08,297.80999755859375,304.04998779296875,294.3500061035156,297.0,103246700,0.013165935514200422,320.1219970703125,318.94940002441405
2025-07-09,295.8800048828125,300.1499938964844,293.54998779296875,297.54998779296875,75586800,-0.0064806174796113725,319.4869979858398,319.1679998779297
2025-07-10,309.8699951171875,310.4800109863281,300.0,300.04998779296875,104365300,0.0472826483827995,318.6759979248047,319.6477996826172
2025-07-11,313.510009765625,314.0899963378906,305.6499938964844,307.8900146484375,79236400,0.01174690904506881,318.0299987792969,320.07739990234376
2025-07-14,316.8999938964844,322.6000061035156,312.6700134277344,317.7300109863281,78043400,0.010813001260769006,317.919499206543,320.77219970703123
2025-07-15,310.7799987792969,321.20001220703125,310.5,319.67999267578125,77556300,-0.01931207079538977,317.1929992675781,321.37739990234377
2025-07-16,321.6700134277344,323.5,312.6199951171875,312.79998779296875,97284800,0.03504091219258654,316.8199996948242,322.06660034179686
2025-07-17,319.4100036621094,324.3399963378906,317.05999755859375,323.1499938964844,73922900,-0.007025863995037018,316.9729995727539,322.84960021972654
2025-07-18,329.6499938964844,330.8999938964844,321.4200134277344,321.6600036621094,94255000,0.03205907804067243,317.3529998779297,323.93559997558594
2025-07-21,328.489990234375,338.0,326.8800048828125,334.3999938964844,75768800,-0.0035188948387289143,317.669499206543,324.9809997558594
2025-07-22,332.1099853515625,335.4100036621094,321.54998779296875,329.739990234375,77370400,0.0110201078413521,316.840998840332,325.92679931640623
2025-07-23,332.55999755859375,336.20001220703125,328.6700134277344,330.8999938964844,92553800,0.0013550095657464123,316.44549865722655,326.6127990722656
2025-07-24,305.29998779296875,310.1499938964844,300.4100036621094,310.0,156966000,-0.08197020076301287,315.33299865722654,326.35119873046875
2025-07-25,316.05999755859375,323.6300048828125,308.010009765625,308.739990234375,148227000,0.03524405566934252,314.8469985961914,325.9909985351562
2025-07-28,325.5899963378906,330.489990234375,315.69000244140625,318.45001220703125,112673800,0.030152499060024596,314.9449981689453,325.54919860839846
2025-07-29,321.20001220703125,326.25,318.25,325.54998779296875,87358900,-0.013483166498468035,315.1219985961914,325.1167987060547
2025-07-30,319.0400085449219,324.45001220703125,311.6199951171875,322.17999267578125,83931900,-0.006724793213012448,316.0384994506836,324.49799865722656
2025-07-31,308.2699890136719,321.3699951171875,306.1000061035156,319.6099853515625,85270900,-0.03375758288237862,315.669499206543,323.8215985107422
2025-08-01,302.6300048828125,309.30999755859375,297.82000732421875,306.2099914550781,89121400,-0.01829559909125389,315.0334991455078,322.99779846191404
2025-08-04,309.260009765625,312.1199951171875,303.0,309.0799865722656,78683900,0.021907956170373222,315.79949951171875,322.4905987548828
2025-08-05,308.7200012207031,312.45001220703125,305.5,308.95001220703125,57961300,-0.0017461311772288823,316.3449996948242,321.8441986083984
2025-08-06,319.9100036621094,320.4700012207031,306.92999267578125,307.8900146484375,78523600,0.03624644466558724,317.54649963378904,321.4555987548828
2025-08-07,322.2699890136719,322.3999938964844,316.1600036621094,319.7900085449219,66658700,0.007377028928595486,318.16649932861327,320.6431982421875
2025-08-08,329.6499938964844,335.1499938964844,320.9800109863281,321.42999267578125,91200300,0.02290006868278205,318.97349853515624,320.0981982421875
2025-08-11,339.0299987792969,346.6400146484375,334.1499938964844,335.0,105320200,0.02845443669493286,320.0799987792969,319.7101983642578
2025-08-12,340.8399963378906,345.260009765625,332.94000244140625,345.0,80522100,0.005338753399730889,321.58299865722654,319.59779846191407
2025-08-13,339.3800048828125,348.9800109863281,338.20001220703125,341.5,67838900,-0.004283509772223915,322.46849822998047,319.5315985107422
2025-08-14,335.5799865722656,340.4700012207031,330.3999938964844,335.760009765625,75000700,-0.011196942235471519,323.2769973754883,319.35779846191406
2025-08-15,330.55999755859375,339.29998779296875,327.0199890136719,337.6600036621094,74319800,-0.014959143019665277,323.32249755859374,319.32799865722654
2025-08-18,335.1600036621094,336.2699890136719,329.5899963378906,329.6199951171875,56956600,0.013915797850586165,323.65599822998047,320.33719848632813
2025-08-19,329.30999755859375,340.54998779296875,327.8500061035156,335.7900085449219,75956000,-0.017454368181154756,323.51599884033203,321.0205981445313
2025-08-20,323.8999938964844,331.3699951171875,314.6000061035156,329.2200012207031,77481800,-0.016428300696053943,323.08299865722654,321.3269982910156
2025-08-21,320.1099853515625,324.8999938964844,318.67999267578125,322.0799865722656,55744400,-0.011701168929731831,323.82349853515626,321.20739807128905
2025-08-22,340.010009765625,340.25,319.69000244140625,321.6600036621094,94016300,0.062166209505171155,325.0209991455078,321.47899841308595
2025-08-25,346.6000061035156,349.5299987792969,335.0299987792969,338.8999938964844,86670000,0.019381771561470362,326.0714996337891,322.028798828125
2025-08-26,351.6700134277344,351.8999938964844,343.7200012207031,344.92999267578125,76651600,0.01462783391499567,327.5949996948242,322.5559991455078
2025-08-27,349.6000061035156,355.3900146484375,349.1600036621094,351.94000244140625,65519000,-0.0058862207330171445,329.1229995727539,322.96539916992185
2025-08-28,345.9800109863281,353.54998779296875,340.260009765625,350.9100036621094,67903200,-0.010354676927882056,331.00850067138674,323.5579992675781
2025-08-29,333.8699951171875,348.75,331.70001220703125,347.2300109863281,81145700,-0.03500206799409333,332.5705001831055,323.7943994140625
2025-09-02,329.3599853515625,333.3299865722656,325.6000061035156,328.2300109863281,58392000,-0.01350828116207925,333.5754989624023,323.9383990478516
2025-09-03,334.0899963378906,343.3299865722656,328.510009765625,335.20001220703125,88733300,0.014361219324440011,334.84399871826173,323.64659912109374
2025-09-04,338.5299987792969,338.8900146484375,331.4800109863281,336.1499938964844,60711000,0.01328983953448204,335.7749984741211,323.6077990722656
2025-09-05,350.8399963378906,355.8699951171875,344.67999267578125,348.0,108989800,0.036363092201525005,337.20349884033203,324.07359924316404
2025-09-08,346.3999938964844,358.44000244140625,344.8399963378906,354.6400146484375,75208300,-0.01265534855703887,338.040998840332,324.48599914550783
2025-09-09,346.9700012207031,350.7699890136719,343.82000732421875,348.44000244140625,53816000,0.001645517708609212,338.43799896240233,324.95279907226563
2025-09-10,347.7900085449219,356.3299865722656,346.07000732421875,350.54998779296875,72121700,0.0023633378140295314,338.7854995727539,325.5553991699219
2025-09-11,368.80999755859375,368.989990234375,347.6000061035156,350.1700134277344,103756000,0.06043873744853956,340.25699920654296,326.9173992919922
2025-09-12,395.94000244140625,396.69000244140625,370.239990234375,370.94000244140625,168156400,0.07356092584909457,343.275,328.5231994628906
2025-09-15,410.0400085449219,425.70001220703125,402.42999267578125,423.1300048828125,163823700,0.03561147147692467,347.2490005493164,330.41699951171876
2025-09-16,421.6199951171875,423.25,411.42999267578125,414.5,104285700,0.028241113869250656,351.57200012207034,332.97059936523436
2025-09-17,425.8599853515625,428.30999755859375,409.6700134277344,415.75,106133500,0.01005642588937583,356.3994995117188,335.53159912109373
2025-09-18,416.8500061035156,432.2200012207031,416.55999755859375,428.8699951171875,90454500,-0.021157139806429193,361.0470001220703,337.9509991455078
2025-09-19,426.07000732421875,429.4700012207031,421.7200012207031,421.82000732421875,93131000,0.022118270566640064,366.3450012207031,340.2749993896484
2025-09-22,434.2099914550781,444.9800109863281,429.1300048828125,431.1099853515625,97108800,0.019104804353584193,371.0550003051758,342.6889990234375
2025-09-23,425.8500061035156,440.9700012207031,423.7200012207031,439.8800048828125,83422700,-0.019253323313789705,375.01750030517576,344.8679992675781
2025-09-24,442.7900085449219,444.2099914550781,429.0299987792969,429.8299865722656,93133600,0.03977927016229388,379.57350006103513,347.5081994628906
2025-09-25,423.3900146484375,435.3500061035156,419.0799865722656,435.239990234375,96746400,-0.04381307961359793,383.26300048828125,349.5425994873047
2025-09-26,440.3999938964844,440.4700012207031,421.0199890136719,428.29998779296875,101628200,0.0401756741055197,387.98399963378904,351.9623992919922
2025-09-29,443.2099914550781,450.9800109863281,439.5,444.3500061035156,79491500,0.00638055766924972,393.4509994506836,354.23359924316406
2025-09-30,444.7200012207031,445.0,433.1199951171875,441.5199890136719,74358000,0.0034069849388267404,399.2190002441406,356.5581994628906
2025-10-01,459.4599914550781,462.2900085449219,440.75,443.79998779296875,98122300,0.033144428390707636,405.4875,359.1051995849609
2025-10-02,436.0,470.75,435.57000732421875,470.5400085449219,137009000,-0.051059922281332826,410.36100006103516,361.17399963378904
2025-10-03,429.8299865722656,446.7699890136719,416.5799865722656,443.2900085449219,133188200,-0.014151406944344913,414.3104995727539,363.664599609375
2025-10-06,453.25,453.54998779296875,436.69000244140625,440.75,85324900,0.054486690457546505,419.6529998779297,366.4083996582031
2025-10-07,433.0899963378906,452.67999267578125,432.45001220703125,447.82000732421875,102296100,-0.044478772558432134,423.95899963378906,368.55839965820314
2025-10-08,438.69000244140625,441.3299865722656,425.2300109863281,437.57000732421875,71192100,0.012930352007360923,428.5039993286133,370.90819946289065
2025-10-09,435.5400085449219,436.3500061035156,426.17999267578125,431.80999755859375,69339900,-0.007180455170972544,431.8404998779297,373.23819946289063
2025-10-10,413.489990234375,443.1300048828125,411.45001220703125,436.5400085449219,112107900,-0.05062684914805626,432.71799926757814,375.3425994873047
2025-10-13,435.8999938964844,436.8900146484375,419.70001220703125,423.5299987792969,79552800,0.054197209585187034,434.01099853515626,378.0079992675781
2025-10-14,429.239990234375,434.20001220703125,417.8599853515625,426.7900085449219,72669400,-0.015278742269702716,434.3919982910156,380.4075988769531
2025-10-15,435.1499938964844,440.510009765625,426.3299865722656,434.8999938964844,71558200,0.013768529951932784,434.8564987182617,382.93619873046873
2025-10-16,428.75,439.3500061035156,421.30999755859375,434.7300109863281,77189900,-0.01470755828163206,435.4514984130859,385.11299865722657
2025-10-17,439.30999755859375,441.4599914550781,423.6000061035156,425.5,89331600,0.02462973191508744,436.1134979248047,387.453798828125
2025-10-20,447.42999267578125,449.79998779296875,440.6099853515625,443.8699951171875,63719000,0.018483519979771268,436.77449798583984,389.80939880371096
2025-10-21,442.6000061035156,449.29998779296875,442.04998779296875,445.760009765625,54412200,-0.010794954856246153,437.6119979858398,391.8807989501953
2025-10-22,438.9700012207031,445.5400085449219,429.0,443.45001220703125,84023500,-0.008201547294971134,437.4209976196289,393.84339904785156
2025-10-23,448.9800109863281,449.3999938964844,413.8999938964844,420.0,126709800,0.022803402824313368,438.70049743652345,396.0353991699219
2025-10-24,433.7200012207031,451.67999267578125,430.1700134277344,446.8299865722656,94727800,-0.03398817183887881,438.3664978027344,397.9981994628906
2025-10-27,452.4200134277344,460.1600036621094,438.69000244140625,439.9800109863281,105867500,0.043115401997602554,438.8269989013672,400.4353997802734
2025-10-28,460.54998779296875,467.0,451.6000061035156,454.7799987792969,80185700,0.017969970655449252,439.61849822998045,402.9431994628906
2025-10-29,461.510009765625,465.70001220703125,452.6499938964844,462.5,67983500,0.0020845119924046696,439.7209991455078,405.58719970703123
2025-10-30,440.1000061035156,455.05999755859375,439.6099853515625,451.04998779296875,72447900,-0.04639120107705208,439.9259994506836,407.91119995117185
2025-10-31,456.55999755859375,458.0,443.69000244140625,446.75,83135800,0.03740057084027071,441.2625,410.6402001953125
2025-11-03,468.3699951171875,474.07000732421875,453.79998779296875,455.989990234375,84595200,0.02586735066967427,442.01849975585935,413.20739990234375
2025-11-04,444.260009765625,460.2200012207031,443.6000061035156,454.4599914550781,87756600,-0.05147636612701911,442.5770004272461,415.1605999755859
2025-11-05,462.07000732421875,466.3299865722656,440.7099914550781,452.04998779296875,85573000,0.040089130615176494,443.7460006713867,417.3685998535156
2025-11-06,445.9100036621094,467.45001220703125,435.0899963378906,461.9599914550781,109622900,-0.03497306340156037,444.2645004272461,419.2947998046875
2025-11-07,429.5199890136719,439.3599853515625,421.8800048828125,437.9200134277344,103471500,-0.03675632866235745,445.0660003662109,420.96559936523437
2025-11-10,445.2300109863281,449.6700134277344,433.3599853515625,439.6000061035156,76515900,0.03657576451501576,445.5325012207031,423.1927996826172
2025-11-11,439.6199951171875,442.489990234375,432.3599853515625,439.3999938964844,60533200,-0.01260026442672324,446.05150146484374,425.3979998779297
2025-11-12,430.6000061035156,442.3299865722656,426.55999755859375,442.1499938964844,58513500,-0.02051769508633805,445.8240020751953,427.3282000732422
2025-11-13,401.989990234375,424.5,396.3399963378906,423.1300048828125,118948000,-0.06644220962287406,444.4860015869141,428.59739990234374
2025-11-14,404.3500061035156,412.19000244140625,382.7799987792969,386.29998779296875,105506700,0.005870832424868633,442.73800201416014,429.66760009765625
2025-11-17,408.9200134277344,423.9599914550781,398.739990234375,398.739990234375,102214300,0.011302107716671506,440.8125030517578,430.9180004882812
2025-11-18,401.25,408.8999938964844,393.7099914550781,405.3800048828125,80688600,-0.018756757252943457,438.74500274658203,432.0036004638672
2025-11-19,403.989990234375,411.7799987792969,398.5,406.17999267578125,72047700,0.006828636098130891,436.9960021972656,433.1276000976562
2025-11-20,395.2300109863281,428.94000244140625,394.739990234375,414.6300048828125,113548800,-0.02168365419886953,434.3085021972656,433.65600036621095
2025-11-21,391.0899963378906,402.79998779296875,383.760009765625,402.32000732421875,100460600,-0.010474950113494086,432.177001953125,433.55900024414063
2025-11-24,417.7799987792969,421.7200012207031,401.0899963378906,402.1700134277344,96806400,0.0682451678419993,430.44500122070315,433.71380004882815
2025-11-25,419.3999938964844,420.4800109863281,405.95001220703125,414.4200134277344,71915600,0.0038776272725380423,428.3875015258789,433.6694000244141
2025-11-26,426.5799865722656,426.94000244140625,416.8900146484375,423.95001220703125,63463000,0.017119677587676296,426.64100036621096,433.6838000488281
2025-11-28,430.1700134277344,432.92999267578125,426.20001220703125,426.5899963378906,36252900,0.008415835173881447,426.1445007324219,433.9502001953125
2025-12-01,430.1400146484375,433.6600036621094,425.2900085449219,425.32000732421875,57463600,-6.973703038437584e-05,424.82350158691406,434.0316003417969
2025-12-02,429.239990234375,436.79998779296875,422.1199951171875,430.80999755859375,69336600,-0.0020923987153301793,422.86700134277345,433.9322003173828
2025-12-03,446.739990234375,447.9200134277344,431.1099853515625,432.1000061035156,87483000,0.04076973347810542,422.9910003662109,434.35
2025-12-04,454.5299987792969,454.6300048828125,445.3900146484375,449.94000244140625,71906500,0.017437455153354264,422.61399993896487,434.5847998046875
2025-12-05,455.0,458.8699951171875,451.6600036621094,453.0299987792969,56427500,0.0010340378456106247,423.06849975585936,435.21699951171877
2025-12-08,439.5799865722656,449.75,435.25,447.45001220703125,69165800,-0.033890139401614006,423.5714996337891,435.2005993652344
2025-12-09,445.1700134277344,452.3900146484375,435.70001220703125,437.5400085449219,62367400,0.01271674558948499,423.56849975585936,435.2397998046875
2025-12-10,451.45001220703125,456.8800048828125,443.6099853515625,446.07000732421875,63257500,0.014106967203253218,424.1600006103516,435.37440002441406
2025-12-11,446.8900146484375,449.2699890136719,440.3299865722656,448.95001220703125,55979500,-0.010100780674035192,424.97450103759763,435.12300048828126
2025-12-12,458.9599914550781,463.010009765625,441.6700134277344,448.0899963378906,95656700,0.027008830833098685,427.8230010986328,435.5822003173828
2025-12-15,475.30999755859375,481.7699890136719,467.6600036621094,469.44000244140625,114542200,0.035624033484225714,431.3710006713867,436.4918005371094
2025-12-16,489.8800048828125,491.5,465.8299865722656,472.2099914550781,107608100,0.030653694218629735,435.41900024414065,437.22440063476563
2025-12-17,467.260009765625,495.2799987792969,466.20001220703125,488.2200012207031,106490400,-0.04617456293730249,438.71950073242186,437.9078009033203
2025-12-18,483.3699951171875,490.8599853515625,473.1199951171875,478.1600036621094,95168400,0.034477560704677446,442.6885009765625,438.80140075683596
2025-12-19,481.20001220703125,490.489990234375,474.7200012207031,488.1199951171875,103305400,-0.00448927929345333,446.9870010375977,439.7146008300781
2025-12-22,488.7300109863281,498.8299865722656,485.3299865722656,489.8800048828125,86916100,0.01564837611861325,451.8690017700195,441.2194012451172
2025-12-23,485.55999755859375,491.9700012207031,482.8399963378906,489.3999938964844,58223600,-0.00648622625268469,455.25800170898435,442.21260131835936
2025-12-24,485.3999938964844,490.8999938964844,476.79998779296875,488.4800109863281,41285400,-0.00032952397832164415,458.55800170898436,443.33580139160154
2025-12-26,475.19000244140625,489.0899963378906,473.82000732421875,485.2300109863281,58780700,-0.021034181259704576,460.9885025024414,444.1366015625
2025-12-29,459.6400146484375,469.3999938964844,459.0,469.0,66263000,-0.03272372674735757,462.4620025634766,444.75440185546876
2025-12-30,454.42999267578125,463.1199951171875,453.8299865722656,461.0899963378906,59238500,-0.011335005235871831,463.67650146484374,445.0568017578125
2025-12-31,449.7200012207031,456.54998779296875,449.29998779296875,456.1000061035156,49078000,-0.010364613980130777,464.7005020141602,445.10260192871095
2026-01-02,438.07000732421875,458.3399963378906,435.29998779296875,457.79998779296875,85535400,-0.02590499391813139,464.26700286865236,445.012001953125
2026-01-05,451.6700134277344,457.54998779296875,444.57000732421875,447.989990234375,67940800,0.031045280151877908,464.1240036010742,445.2660021972656
2026-01-06,432.9599914550781,448.25,428.7799987792969,446.3800048828125,89093800,-0.041424095947095174,463.0220031738281,444.94560180664064
2026-01-07,431.4100036621094,438.3699951171875,431.2900085449219,435.8999938964844,59828800,-0.0035799792672750463,462.61350402832034,444.89940185546874
2026-01-08,435.79998779296875,436.8900146484375,424.3699951171875,427.8900146484375,57041100,0.010175897854927118,462.145002746582,444.56700134277344
2026-01-09,445.010009765625,449.04998779296875,430.3900146484375,435.95001220703125,67331500,0.02113359850994656,461.82300262451173,444.2562017822266
2026-01-12,448.9599914550781,454.29998779296875,438.0,441.2300109863281,61649600,0.00887616368794375,461.92650146484374,444.0052014160156
2026-01-13,447.20001220703125,451.80999755859375,443.95001220703125,450.20001220703125,53719200,-0.003920124914344347,461.33850250244143,444.14720153808594
2026-01-14,439.20001220703125,443.9100036621094,434.2200012207031,442.80999755859375,57259500,-0.017889087168218576,459.53300323486326,443.8000018310547
2026-01-15,438.57000732421875,445.3599853515625,437.6499938964844,441.1300048828125,49465800,-0.0014344373071545347,456.9675033569336,443.2040020751953
2026-01-16,437.5,447.25,435.260009765625,439.5,60220600,-0.0024397640202233895,455.47950286865233,443.0688018798828
2026-01-20,419.25,430.7300109863281,417.44000244140625,429.3599853515625,63187300,-0.041714285714285704,452.273503112793,442.21240173339845
2026-01-21,431.44000244140625,438.20001220703125,419.6199951171875,421.6600036621094,68124000,0.02907573629435012,449.7855026245117,441.9230017089844
2026-01-22,449.3599853515625,449.5,432.6300048828125,435.1600036621094,71546700,0.041535283721378935,447.81700134277344,442.3198016357422
2026-01-23,449.05999755859375,452.42999267578125,444.0400085449219,447.42999267578125,56771400,-0.0006675890216037983,445.99200134277345,442.3964013671875
2026-01-26,435.20001220703125,445.0400085449219,434.2799987792969,445.0,49397400,-0.030864440001147186,443.4820022583008,442.30800170898436
2026-01-27,430.8999938964844,437.5199890136719,430.69000244140625,437.4100036621094,37733100,-0.009880556502607107,441.2675018310547,442.3140014648437
2026-01-28,431.4599914550781,438.260009765625,430.1000061035156,431.9100036621094,54857400,0.0012995998294869082,439.8585006713867,442.9034014892578
2026-01-29,416.55999755859375,440.2300109863281,414.6199951171875,437.79998779296875,81686100,-0.03453389466363932,437.96500091552736,443.14760131835936
2026-01-30,430.4100036621094,439.8800048828125,422.70001220703125,425.3500061035156,82626100,0.033248526466028494,436.99950103759767,443.57740112304685
2026-02-02,421.80999755859375,427.1499938964844,414.5,421.2900085449219,58739500,-0.019980962408733927,436.1865005493164,443.98860107421876
2026-02-03,421.9599914550781,428.55999755859375,413.69000244140625,424.2699890136719,56886500,0.0003555958781265023,434.7009994506836,444.34800109863284
2026-02-04,406.010009765625,423.8999938964844,399.17999267578125,420.4599914550781,74606900,-0.03779974882085746,433.35350036621094,444.56360107421875
2026-02-05,397.2099914550781,402.1000061035156,387.5299987792969,397.0199890136719,72819800,-0.02167438757390938,431.64349975585935,444.6860009765625
2026-02-06,411.1099853515625,414.54998779296875,397.75,400.8699951171875,62677100,0.03499406912088299,430.40899963378905,444.5526007080078
2026-02-09,417.32000732421875,421.25,407.2900085449219,409.9100036621094,54484300,0.015105500216312517,429.0244995117188,444.5110009765625
2026-02-10,425.2099914550781,427.25,417.0,418.0799865722656,64450200,0.018906316477488305,427.8369995117188,444.48360107421877
2026-02-11,428.2699890136719,436.3500061035156,420.0299987792969,427.9599914550781,57362000,0.00719643851293883,426.89049835205077,444.4456005859375
2026-02-12,417.07000732421875,436.2300109863281,414.0,430.29998779296875,61933400,-0.02615168463063977,425.7839981079102,444.18420043945315
2026-02-13,417.44000244140625,424.05999755859375,410.8800048828125,414.30999755859375,51434100,0.0008871295242764976,424.72749786376954,443.94820068359377
2026-02-17,410.6300048828125,413.7200012207031,400.510009765625,412.3599853515625,59678800,-0.016313715788533356,423.38399810791014,443.2260009765625
2026-02-18,411.32000732421875,416.8999938964844,409.5799865722656,411.1099853515625,45921400,0.0016803507615161806,422.9874984741211,442.36180114746094
2026-02-19,411.7099914550781,415.25,404.1099853515625,407.25,51019600,0.0009481282794785439,422.00099792480466,441.4960009765625
2026-02-20,411.82000732421875,414.70001220703125,405.5,408.29998779296875,57912200,0.00026721690370390405,420.1239990234375,440.94080139160155
2026-02-23,399.8299865722656,407.70001220703125,394.0400085449219,407.2900085449219,69680000,-0.02911471161845125,417.6624984741211,440.0340008544922
2026-02-24,409.3800048828125,410.82000732421875,397.6400146484375,399.5,58579500,0.023885197787236967,416.37149810791016,439.19260070800783
2026-02-25,417.3999938964844,420.3399963378906,412.1499938964844,412.1499938964844,54809700,0.019590573349979934,415.69649810791014,438.60280029296877
2026-02-26,408.5799865722656,416.80999755859375,403.6600036621094,414.4200134277344,53602500,-0.021130827631028026,414.55249786376953,437.5952001953125
2026-02-27,402.510009765625,407.1199951171875,398.1099853515625,402.94000244140625,56890100,-0.014856275407819197,413.8499984741211,436.13920043945313
